cdr_id,datetime,type,origin,destination,duration_sec,cell_site,latitude,longitude
c7a0c697-7c22-42f6-a272-f6b8f33206d0,2023-10-05 02:44:09,VOICE,59171234567,+59175095372,520,CB2062,-17.395316,-66.113431
feb71344-2744-4231-8da6-42ef9c757821,2023-10-18 19:45:57,VOICE,59171234567,+59172425458,1722,CB2022,-17.381461,-66.098772
70a3fc60-acf1-4054-91ae-c7cdd0a6d49e,2023-10-22 07:34:18,VOICE,59171234567,+59175529456,247,CB2134,-17.406583,-66.075583
0196dc3c-9fc7-4024-b36f-cbce20c9e382,2023-10-24 08:30:14,VOICE,59171234567,+59176195873,344,CB2191,-17.378722,-66.073139
583c561c-cc70-4809-8eb6-902de7467ed1,2023-10-03 05:29:04,VOICE,59171234567,+59168579263,1795,CB2022,-17.381461,-66.098772
f63f14bd-e210-4b0e-8715-6488099db61e,2023-10-11 23:10:34,VOICE,59171234567,+59179526474,1396,CB2232,-17.394623,-66.073697
557227be-bdd5-44e5-a88d-6cc900cc4d22,2023-10-01 04:48:13,SMS,59171234567,+59164366705,0,CB2004,-17.373621,-66.122951
de3fecb1-c0ee-47ce-a1f1-8d54a885c29f,2023-10-02 02:27:01,DATA,59171234567,DATA_SERVICE,1245,CB2231,-17.385719,-66.066556
2e10d7d7-d655-427e-a7ed-b4225c9b0f2c,2023-10-11 10:01:16,VOICE,59171234567,+59165376526,1198,CB2134,-17.406583,-66.075583
763ad26f-12b5-4747-a951-0328dd910655,2023-10-21 07:32:01,VOICE,59171234567,+59168918347,968,CB2022,-17.381461,-66.098772
2260600b-eaca-40c6-808c-af6928815434,2023-10-18 08:06:31,DATA,59171234567,DATA_SERVICE,1834,CB2242,-17.381778,-66.110306
961e02c3-f3c3-4ff5-a80d-02f2a5809aba,2023-10-11 18:36:51,SMS,59171234567,+59178774120,0,CB2134,-17.406583,-66.075583
59c653dc-7fda-47ae-96e2-656251414af6,2023-10-01 23:47:28,DATA,59171234567,DATA_SERVICE,3249,CB2091,-17.403988,-66.027489
4349c8e4-563e-4059-b6f3-df5d87e51c5c,2023-10-06 23:58:13,SMS,59171234567,+59173455960,0,CS2259,-17.401944,-66.0375
28027f78-2598-41b8-925b-7c95c5758d01,2023-10-25 08:44:06,VOICE,59171234567,+59177462620,1055,CB2122,-17.381461,-66.098772
3d2e2153-68dc-4e95-a30c-22a4ec98ddef,2023-10-15 06:05:28,VOICE,59171234567,+59175095372,1467,CB2062,-17.395316,-66.113431
ca03b835-377c-4861-9751-00e17844e522,2023-10-28 18:30:23,DATA,59171234567,DATA_SERVICE,1573,CB2136-B1,-17.410306,-66.037306
1b77e872-7fed-430b-b7e1-d9ecc5a138f2,2023-10-04 23:24:57,VOICE,59171234567,+59174447992,1647,CB2022,-17.381461,-66.098772
5d225bac-278b-45dc-8f4f-c23c5e8882bd,2023-10-08 12:51:42,VOICE,59171234567,+59174700203,1464,CB2062,-17.395316,-66.113431
fd3df836-93c3-434d-a325-6c8df6732c39,2023-10-31 15:58:48,VOICE,59171234567,+59171728918,1243,CB2242,-17.381778,-66.110306
50056aeb-5034-410d-9d5c-3bb3bbf411d8,2023-10-06 04:31:01,VOICE,59171234567,+59168918347,448,CB2136-B1,-17.410306,-66.037306
3acd512e-ceb5-4ad7-a1b9-863ccf6f30ad,2023-10-22 20:15:23,SMS,59171234567,+59176195873,0,CB2005,-17.38391,-66.08344
e12e8de7-d898-4b01-9335-ceda784c2347,2023-10-20 16:27:55,SMS,59171234567,+59165186285,0,CB2062,-17.395316,-66.113431
f6bfabb2-6ea5-47e8-a2a2-6f193d2d63b6,2023-10-15 07:35:30,VOICE,59171234567,+59165376526,1320,CB2134,-17.406583,-66.075583
8bb83c07-f528-44ba-9341-50cdf2301ac1,2023-10-09 04:29:50,VOICE,59171234567,+59167923302,44,CB2022,-17.381461,-66.098772
23b5633e-713a-4fde-9364-e13631f68528,2023-10-06 20:41:54,VOICE,59171234567,+59165186285,34,CB2134,-17.406583,-66.075583
7bc739e7-f87a-45de-8607-4e4e32ec4f53,2023-10-29 11:46:44,SMS,59171234567,+59172425458,0,CB2127,-17.391,-66.098944
0070ef1f-366a-4f1f-a399-e13b0e544496,2023-10-12 03:32:36,VOICE,59171234567,+59175095372,1049,CB2134,-17.406583,-66.075583
55da4f2f-47ed-486c-bdcb-bc235ffe6c52,2023-10-02 17:31:49,SMS,59171234567,+59178273821,0,CB2134,-17.406583,-66.075583
edc500d6-7996-411a-9ea0-99bfe71a138f,2023-10-12 22:00:55,VOICE,59171234567,+59165098160,1234,CB2134,-17.406583,-66.075583
bf55a94c-1536-4cb6-95fd-6b787c0235b3,2023-10-24 01:53:57,DATA,59171234567,DATA_SERVICE,2648,CB2412,-17.384972,-66.117222
bb44c849-30b9-427d-8514-414d7fc64555,2023-10-18 05:24:19,DATA,59171234567,DATA_SERVICE,43,CS2259,-17.401944,-66.0375
f3e4b496-df0e-4c60-8e70-dbf0594fcb52,2023-10-08 09:56:14,DATA,59171234567,DATA_SERVICE,2260,CB2232,-17.394623,-66.073697
4ce41534-f7d6-47d8-ba93-cb8d12214ecb,2023-10-23 05:31:27,VOICE,59171234567,+59176195873,754,CB2178,-17.398361,-66.035833
dce3525c-96f7-4712-b730-c30c212ca460,2023-10-25 10:38:04,SMS,59171234567,+59169341706,0,CB2122,-17.381461,-66.098772
3ba3de82-0c37-4959-94a5-4be524de59cb,2023-10-02 09:14:31,DATA,59171234567,DATA_SERVICE,217,CB2412,-17.384972,-66.117222
dfb338d9-50c6-406a-8dd2-5c669728287a,2023-10-14 18:39:28,DATA,59171234567,DATA_SERVICE,3209,CB2231,-17.385719,-66.066556
c63cfd74-2422-4739-b59e-3533f9cf9e78,2023-10-22 23:08:45,VOICE,59171234567,+59173002079,207,CS2259,-17.401944,-66.0375
c295881b-c163-454f-9b45-c319c19ba109,2023-10-23 06:02:28,VOICE,59171234567,+59169341706,1097,CB2004,-17.373621,-66.122951
61e5b91a-4bbb-4c6b-95b6-47a2ef29e22c,2023-10-26 05:38:07,DATA,59171234567,DATA_SERVICE,3424,CB2122,-17.381461,-66.098772
661b176e-ab36-4996-8bfc-1545f5ba3103,2023-10-23 22:28:20,VOICE,59171234567,+59168513333,1734,CB2122,-17.381461,-66.098772
5db0cb66-0b84-4a8a-be9a-0da504fa8dac,2023-10-13 04:24:50,VOICE,59171234567,+59178774120,1760,CB2412,-17.384972,-66.117222
bff28144-276f-45f6-9963-5eb92e0d66a8,2023-10-12 19:33:07,VOICE,59171234567,+59165376526,224,CB2127,-17.391,-66.098944
ee52fa7b-d4ed-4eaa-9dcb-5fef449bf468,2023-10-13 17:52:01,VOICE,59171234567,+59168513333,1201,CB2412,-17.384972,-66.117222
407215b2-0e4c-4637-9514-fd5ad7b2d0a7,2023-10-21 12:36:02,DATA,59171234567,DATA_SERVICE,3224,CB2232,-17.394623,-66.073697
69a6acdf-b5d0-470d-bc2d-fa253cdc491a,2023-10-11 09:58:30,VOICE,59171234567,+59178774120,1078,CB2242,-17.381778,-66.110306
6aff6dbd-561c-4f72-806d-9a12ab5a8876,2023-10-02 04:45:59,VOICE,59171234567,+59173002079,1577,CB2412,-17.384972,-66.117222
0aac5f2e-16b2-4a61-abf2-c3f1a54ceb09,2023-10-30 02:23:41,VOICE,59171234567,+59178325176,651,CB2006,-17.403034,-66.042194
569e61af-8a3a-4897-b635-400b3ce6fdbc,2023-10-11 03:59:55,SMS,59171234567,+59173180236,0,CB2127,-17.391,-66.098944
ae0f70d3-5612-4d96-8961-4d52f002d73f,2023-10-17 16:22:45,DATA,59171234567,DATA_SERVICE,1965,CS2259,-17.401944,-66.0375
271aa74a-8504-4f9f-8550-efa54669691d,2023-10-19 01:10:12,DATA,59171234567,DATA_SERVICE,663,CB2226,-17.372806,-66.072278
dda1b9d1-3ae8-496b-ba49-06c9a3d33472,2023-10-15 07:44:03,VOICE,59171234567,+59166371086,1491,CB2226,-17.372806,-66.072278
84e3e69e-35d1-4fc7-a3fa-825af69b25a8,2023-10-28 00:17:34,SMS,59171234567,+59178774120,0,CB2226,-17.372806,-66.072278
bccbb7fc-e56d-463c-9f12-f1b1b8045a09,2023-10-14 04:16:11,VOICE,59171234567,+59165376526,140,CB2022,-17.381461,-66.098772
19a1ddad-88b9-4cb7-8098-25d6e966d802,2023-10-24 19:36:15,VOICE,59171234567,+59166371086,131,CB2134,-17.406583,-66.075583
574a71a7-3356-4a8a-a408-2ee43a3d075e,2023-10-18 20:06:29,VOICE,59171234567,+59178325176,740,CB2242,-17.381778,-66.110306
fcfd3c52-8bfd-410f-aba1-94c0c5a98838,2023-10-24 07:48:21,VOICE,59171234567,+59179526474,1064,CB2412,-17.384972,-66.117222
10f2859b-4552-44ec-a64f-067955b0743c,2023-10-28 06:09:15,VOICE,59171234567,+59178325176,1255,CB2136-B1,-17.410306,-66.037306
96cb3c22-f614-47d4-996e-7e8ec2e2b8f7,2023-10-30 07:47:15,VOICE,59171234567,+59175095372,906,CB2106,-17.403034,-66.042194
69580cfe-275f-4c13-bdd2-29c625ae125c,2023-10-13 01:00:44,VOICE,59171234567,+59162859214,248,CB2106,-17.403034,-66.042194
d09e16c8-ec10-49cd-a075-d70bb3d3f740,2023-10-29 02:10:21,VOICE,59171234567,+59176195873,909,CB2226,-17.372806,-66.072278
a92d4c0c-feb7-40fc-b4e9-f1822377aadc,2023-10-30 01:16:13,VOICE,59171234567,+59173863267,635,CB2178,-17.398361,-66.035833
2c2d635d-8f0a-44ce-b0db-57cfe12ddfb8,2023-10-03 21:55:34,SMS,59171234567,+59174700203,0,CB2091,-17.403988,-66.027489
632b9857-7d29-43e8-96e0-a5a7c43d3f56,2023-10-18 18:28:21,VOICE,59171234567,+59166955967,1220,CB2062,-17.395316,-66.113431
29047d9a-82bd-43dd-94b0-a67a99c311a4,2023-10-01 19:41:23,VOICE,59171234567,+59165944438,1785,CB2122,-17.381461,-66.098772
b5747caa-108f-4079-a230-dd72892fad41,2023-10-03 21:28:28,VOICE,59171234567,+59166955967,111,CB2226,-17.372806,-66.072278
45348ab8-441c-498f-98ab-af703cdf6347,2023-10-24 06:35:44,VOICE,59171234567,+59166371086,1517,CB2134,-17.406583,-66.075583
d14f1987-f76f-4e50-81c3-de1ce367232b,2023-10-22 03:19:06,VOICE,59171234567,+59169341706,133,CB2127,-17.391,-66.098944
142d0f22-cedf-4eb3-ab58-54410a838d8f,2023-10-29 10:01:49,VOICE,59171234567,+59172425458,1346,CB2412,-17.384972,-66.117222
e9175609-1e73-4643-a4d3-b52372eb9610,2023-10-09 07:40:58,VOICE,59171234567,+59166955967,1507,CB2022,-17.381461,-66.098772
d6b19747-ccb7-4190-a197-2f385f0ef1fe,2023-10-19 04:58:54,SMS,59171234567,+59165376526,0,CB2022,-17.381461,-66.098772
70e68f21-1d53-45bd-a747-9c3b1a4ad847,2023-10-03 06:07:18,SMS,59171234567,+59177031878,0,CB2231,-17.385719,-66.066556
ad8543d6-d794-460b-b2c8-0f8270d30cad,2023-10-28 12:48:12,VOICE,59171234567,+59172113263,784,CB2122,-17.381461,-66.098772
4efbff8a-f071-4033-b266-5db04ac951e9,2023-10-09 10:28:03,VOICE,59171234567,+59167719784,1552,CB2412,-17.384972,-66.117222
8281449a-a96c-4be5-9c52-27c6f21ac39d,2023-10-19 04:31:43,SMS,59171234567,+59168918347,0,CB2006,-17.403034,-66.042194
60c1c84e-90e4-4e8e-a564-655609d8f3db,2023-10-16 17:17:05,VOICE,59171234567,+59165186285,17,CB2127,-17.391,-66.098944
a63b3837-ba04-4887-b14e-a3463710c550,2023-10-03 07:45:24,SMS,59171234567,+59178273821,0,CB2226,-17.372806,-66.072278
65df8bb6-f22e-4e63-95b7-2a8b08a2e244,2023-10-10 04:02:42,SMS,59171234567,+59168579263,0,CB2006,-17.403034,-66.042194
1b166c85-48f1-4db1-9b0b-e9b5b70276a8,2023-10-01 11:33:05,VOICE,59171234567,+59168579263,905,CB2232,-17.394623,-66.073697
0c591b83-1122-490f-a286-d97727ee2bd7,2023-10-11 02:33:27,VOICE,59171234567,+59178325176,449,CB2127,-17.391,-66.098944
77aa5c37-ebad-4310-909e-71abf6647452,2023-10-05 23:22:25,VOICE,59171234567,+59168579263,1759,CB2231,-17.385719,-66.066556
57167808-fdbb-4e2d-89f4-a79617fff524,2023-10-18 03:13:50,DATA,59171234567,DATA_SERVICE,1157,CB2136-B1,-17.410306,-66.037306
513b278d-128b-47d1-9ee5-b311955179ef,2023-10-02 16:24:36,SMS,59171234567,+59167645961,0,CS2259,-17.401944,-66.0375
3fc817fd-465e-46d9-9c39-7157d21e4c4a,2023-10-10 06:40:10,VOICE,59171234567,+59175095372,800,CB2178,-17.398361,-66.035833
1683bb61-f7db-4c5e-ae83-8f013d0ecb3e,2023-10-23 06:33:16,SMS,59171234567,+59179526474,0,CB2136-B1,-17.410306,-66.037306
438eca24-70f4-4aed-b18d-9c0a9f0687ab,2023-10-29 07:02:33,DATA,59171234567,DATA_SERVICE,853,CB2062,-17.395316,-66.113431
da678bf3-b3e4-44e4-8ffc-de58e352a4ed,2023-10-24 20:01:18,VOICE,59171234567,+59175341679,85,CB2005,-17.38391,-66.08344
5e6d9315-9218-4637-b85c-5d237d8ba4de,2023-10-17 17:06:17,DATA,59171234567,DATA_SERVICE,1533,CS2259,-17.401944,-66.0375
8f85f1b4-3975-4707-967a-85fb67e15aa4,2023-10-26 03:25:51,DATA,59171234567,DATA_SERVICE,2061,CB2178,-17.398361,-66.035833
452bf9bf-fc1a-4692-8f7b-a205feac38b1,2023-10-21 20:59:25,VOICE,59171234567,+59165376526,751,CB2136-B1,-17.410306,-66.037306
9bb80466-d025-46e1-a17a-88f5ffcff860,2023-10-31 06:10:27,VOICE,59171234567,+59168579263,1431,CB2231,-17.385719,-66.066556
7fd52665-1816-4a3e-a530-6a5c62950a41,2023-10-11 15:02:10,SMS,59171234567,+59168513333,0,CB2004,-17.373621,-66.122951
f5ee2c62-d888-412b-88fb-66400ac7b8b4,2023-10-09 20:32:35,VOICE,59171234567,+59174700203,1396,CB2178,-17.398361,-66.035833
4e3e84cb-ebed-4bfb-a038-18b4835fa3e6,2023-10-09 01:35:54,SMS,59171234567,+59177462620,0,CB2412,-17.384972,-66.117222
6c29bb53-57ce-4131-b807-021f28e44ff8,2023-10-23 16:51:24,SMS,59171234567,+59171687192,0,CB2232,-17.394623,-66.073697
4d90f823-e7a4-4dae-a45a-246328ea9193,2023-10-29 02:19:52,DATA,59171234567,DATA_SERVICE,2391,CB2231,-17.385719,-66.066556
a7ce0a1d-a1e1-4342-824e-5f702e9aa67c,2023-10-20 08:15:58,VOICE,59171234567,+59165712564,1401,CB2134,-17.406583,-66.075583
b9328248-fbc6-462e-8beb-b3e264c1890f,2023-10-13 05:17:51,VOICE,59171234567,+59178774120,685,CB2242,-17.381778,-66.110306
b6a53a54-3adf-4c80-b5eb-1573ee79b7d2,2023-10-10 12:21:27,VOICE,59171234567,+59179989751,684,CB2127,-17.391,-66.098944
1e8fd143-8aec-4eb2-8987-3602176a35a0,2023-10-28 14:53:53,DATA,59171234567,DATA_SERVICE,2919,CB2062,-17.395316,-66.113431
19bc1b6e-3d22-42f8-8ef4-10823cdeeece,2023-10-14 03:52:55,VOICE,59171234567,+59176195873,1176,CB2062,-17.395316,-66.113431
297e5cc7-5dec-4aae-8783-2d2778e9ed96,2023-10-23 22:26:53,VOICE,59171234567,+59173002079,937,CB2231,-17.385719,-66.066556
1c518238-aa6f-4c64-b668-42be0f7112a9,2023-10-31 20:15:01,VOICE,59171234567,+59166371086,1358,CB2091,-17.403988,-66.027489
44aaddb4-17f4-4941-8621-ad1669eee977,2023-10-23 18:40:52,VOICE,59171234567,+59166809334,128,CB2191,-17.378722,-66.073139
0c5c3826-6f38-4003-bbf3-fb94f623f287,2023-10-07 16:41:04,SMS,59171234567,+59169341706,0,CB2062,-17.395316,-66.113431
8214b635-80e2-447f-a005-ee34044cf54b,2023-10-30 07:38:59,VOICE,59171234567,+59173002079,523,CB2127,-17.391,-66.098944
a4fadab1-ff9f-4c71-bb71-0c876aabe060,2023-10-19 08:14:00,VOICE,59171234567,+59165098160,678,CB2004,-17.373621,-66.122951
47206173-0b17-466f-b68c-d74957709378,2023-10-20 15:53:46,VOICE,59171234567,+59164366705,174,CB2122,-17.381461,-66.098772
7d66cfd1-352b-400b-8ce6-5900b00e2208,2023-10-11 05:27:36,SMS,59171234567,+59173835522,0,CB2005,-17.38391,-66.08344
d7c94153-a167-4cb8-a3a2-d61a31df239d,2023-10-27 00:12:20,DATA,59171234567,DATA_SERVICE,3025,CB2191,-17.378722,-66.073139
710c6b87-b699-4bb5-8e3f-be5ee8a8011c,2023-10-17 08:16:03,DATA,59171234567,DATA_SERVICE,1015,CB2412,-17.384972,-66.117222
cc995845-73f0-432d-9235-296271b8c3a7,2023-10-16 08:08:39,SMS,59171234567,+59174447992,0,CB2005,-17.38391,-66.08344
412adba8-49eb-4728-8fea-845f0caf1cc2,2023-10-29 06:18:10,VOICE,59171234567,+59162859214,1593,CB2122,-17.381461,-66.098772
d8edd6c4-abde-4621-8a98-ad7cc9e087bd,2023-10-28 02:28:39,VOICE,59171234567,+59173863267,1429,CB2122,-17.381461,-66.098772
1c75183e-edb9-4120-af7a-262e8000413e,2023-10-30 10:31:48,VOICE,59171234567,+59173334058,1434,CB2106,-17.403034,-66.042194
43893c60-8092-47e9-bd4e-900f3c61b2ea,2023-10-15 17:29:03,VOICE,59171234567,+59179989751,1030,CB2412,-17.384972,-66.117222
98d67789-bb1b-42f0-8bb8-f0b66e2ae71e,2023-10-28 23:24:59,VOICE,59171234567,+59171728918,494,CB2231,-17.385719,-66.066556
11ae485f-7c99-405c-a246-8049d7147596,2023-10-05 16:33:07,DATA,59171234567,DATA_SERVICE,2152,CB2122,-17.381461,-66.098772
2b17b591-f9dc-487b-8829-b74bb08ab4a1,2023-10-01 04:57:57,VOICE,59171234567,+59175341679,140,CB2191,-17.378722,-66.073139
b3bfefdb-843d-457e-a126-088c9d57f425,2023-10-19 21:02:05,SMS,59171234567,+59178273821,0,CB2232,-17.394623,-66.073697
100bc581-930a-4dc1-911f-2ed78d81c8f9,2023-10-28 13:01:59,VOICE,59171234567,+59171728918,1258,CB2022,-17.381461,-66.098772
5755548d-8b79-48d1-b003-adb502f21e15,2023-10-06 08:58:33,VOICE,59171234567,+59169341706,312,CB2062,-17.395316,-66.113431
3c180d55-9a7a-499e-8a35-071048fcb666,2023-10-30 22:48:45,VOICE,59171234567,+59175529456,208,CB2091,-17.403988,-66.027489
ed5edc2f-526f-42cb-966d-6e814ce82362,2023-10-25 07:35:06,DATA,59171234567,DATA_SERVICE,2956,CB2006,-17.403034,-66.042194
10e1cda5-6919-465d-a44a-9de62b4efa8a,2023-10-06 10:13:25,VOICE,59171234567,+59168579263,674,CB2412,-17.384972,-66.117222
53e3a21b-7c3e-46d4-931f-7b422b5de245,2023-10-11 08:17:22,SMS,59171234567,+59169009940,0,CB2136-B1,-17.410306,-66.037306
53210a0e-936b-4ed5-9380-76347a0c6a28,2023-10-03 10:17:39,VOICE,59171234567,+59171687192,1092,CB2134,-17.406583,-66.075583
90fe5b5e-27fb-4f8b-84aa-436a5b6a5c10,2023-10-21 08:16:50,VOICE,59171234567,+59171687192,544,CB2005,-17.38391,-66.08344
10c49a8f-acf1-4868-a901-15df397d1f24,2023-10-08 05:37:51,VOICE,59171234567,+59165186285,600,CB2226,-17.372806,-66.072278
260a1b80-e225-48ad-b42b-d0f5829cb93c,2023-10-28 07:04:14,VOICE,59171234567,+59179989751,1065,CB2091,-17.403988,-66.027489
48b2a62f-be7d-44c9-9891-dfa070277169,2023-10-23 22:41:50,VOICE,59171234567,+59177031878,570,CB2106,-17.403034,-66.042194
b945243d-fa9f-4bea-9501-e607d8f92774,2023-10-22 21:53:28,SMS,59171234567,+59174296931,0,CB2022,-17.381461,-66.098772
1ba08832-1745-405f-b4a6-77b96f869a9e,2023-10-31 17:08:58,SMS,59171234567,+59164366705,0,CS2259,-17.401944,-66.0375
34671c36-ba34-44c6-bc78-cb4ab3b02f07,2023-10-21 21:52:57,VOICE,59171234567,+59179526474,924,CB2004,-17.373621,-66.122951
a31492ac-52bd-4c99-8233-6896d4ca350d,2023-10-06 14:08:57,VOICE,59171234567,+59178774120,1557,CB2006,-17.403034,-66.042194
c7a2681e-a58f-4eaa-8ddf-9bbc42b8c390,2023-10-25 22:00:24,VOICE,59171234567,+59174700203,596,CB2242,-17.381778,-66.110306
ba959c7c-a0bb-4e48-bdc2-49f7b4a2d713,2023-10-29 19:11:39,VOICE,59171234567,+59172113263,179,CB2005,-17.38391,-66.08344
dad11a1f-fb17-47a3-981f-a939f356ba19,2023-10-30 19:16:45,DATA,59171234567,DATA_SERVICE,587,CB2062,-17.395316,-66.113431
7204d382-fcc4-4547-a2f1-44cb96d05dda,2023-10-30 23:22:21,VOICE,59171234567,+59172113263,1004,CB2004,-17.373621,-66.122951
0366ddbf-78eb-474a-8c2f-5c2463bb0bf8,2023-10-06 22:37:36,VOICE,59171234567,+59175341679,1458,CB2106,-17.403034,-66.042194
4e94a0b7-a315-4a22-8149-24dc62a3b4ee,2023-10-25 09:02:59,VOICE,59171234567,+59166785133,153,CB2091,-17.403988,-66.027489
ddd35b31-cf95-40f3-bebd-e796ea35d944,2023-10-27 22:59:20,VOICE,59171234567,+59166785133,1352,CB2232,-17.394623,-66.073697
a8a6cbf7-babd-47a8-98c5-000efeb1a7b7,2023-10-06 00:39:38,SMS,59171234567,+59162859214,0,CB2232,-17.394623,-66.073697
8608115a-d374-4183-bde9-be897affba37,2023-10-01 23:18:06,DATA,59171234567,DATA_SERVICE,1846,CB2232,-17.394623,-66.073697
2dbc4e8c-273e-488b-806c-ec96c6cd9e53,2023-10-23 04:20:13,SMS,59171234567,+59171687192,0,CB2062,-17.395316,-66.113431
d09fc5b7-f13b-490e-94ef-3460c0156a77,2023-10-02 09:58:55,VOICE,59171234567,+59173002079,1170,CB2136-B1,-17.410306,-66.037306
ee7ea605-7c1c-4900-bddf-addbe651246f,2023-10-14 12:59:14,SMS,59171234567,+59174447992,0,CB2004,-17.373621,-66.122951
ad386a47-1d5b-4290-92d1-e04e3029b3e7,2023-10-29 13:50:01,VOICE,59171234567,+59165186285,740,CB2004,-17.373621,-66.122951
91f23d9a-7b2d-4ca4-a87c-27f31ac26bad,2023-10-25 04:32:48,VOICE,59171234567,+59173835522,619,CB2091,-17.403988,-66.027489
9194d82e-f283-4614-b369-c27eb30db898,2023-10-17 02:53:57,VOICE,59171234567,+59167719784,1007,CB2091,-17.403988,-66.027489
03254c34-8f31-4085-8870-7ae5c04ab5ff,2023-10-22 19:14:40,VOICE,59171234567,+59167719784,1528,CB2004,-17.373621,-66.122951
5fb30f12-ed65-4e70-977c-d986e5dad336,2023-10-05 21:54:18,VOICE,59171234567,+59168513333,611,CB2091,-17.403988,-66.027489
87720ea9-6e24-47dd-a8fb-77328f95f001,2023-10-03 10:22:41,VOICE,59171234567,+59165186285,120,CB2127,-17.391,-66.098944
8d81e49e-092e-4434-b3da-295fbebfef15,2023-10-25 16:54:34,VOICE,59171234567,+59173002079,475,CB2005,-17.38391,-66.08344
984da33e-08b5-408c-9763-b88a085a7054,2023-10-19 14:51:26,VOICE,59171234567,+59173455960,815,CB2232,-17.394623,-66.073697
f29961cd-b24d-4fd1-9eee-c6247c016e20,2023-10-28 12:24:31,VOICE,59171234567,+59176195873,1549,CB2091,-17.403988,-66.027489
7773e4f1-0ab9-45e8-ab1f-27ccad1733b5,2023-10-28 13:21:48,VOICE,59171234567,+59178774120,1317,CB2091,-17.403988,-66.027489
c3f69d76-ae00-4b68-8238-08db87b90f70,2023-10-20 16:54:49,VOICE,59171234567,+59171728918,572,CB2127,-17.391,-66.098944
9d63fa75-487a-4e12-8578-47ebe2c2cfe0,2023-10-20 19:39:57,VOICE,59171234567,+59168567970,1736,CB2191,-17.378722,-66.073139
373584c4-52cd-4e9d-98e5-9ff161c7c33b,2023-10-15 00:13:42,SMS,59171234567,+59173863267,0,CB2106,-17.403034,-66.042194
76f5e35e-f167-4646-be0b-65016f3b6ef9,2023-10-05 21:43:48,DATA,59171234567,DATA_SERVICE,2917,CB2412,-17.384972,-66.117222
25ab2bac-48bf-45cd-a91e-804c41b8b201,2023-10-29 07:59:21,DATA,59171234567,DATA_SERVICE,3206,CB2412,-17.384972,-66.117222
589f4616-6d2a-4811-a207-4fd36c4b3c30,2023-10-09 11:39:50,SMS,59171234567,+59168567970,0,CB2191,-17.378722,-66.073139
88d088fb-97c1-4f44-8b35-c1ee61bafca0,2023-10-01 13:11:36,SMS,59171234567,+59178325176,0,CB2106,-17.403034,-66.042194
f38277a0-901c-46c5-b0c1-b7908797a5ab,2023-10-27 20:09:08,SMS,59171234567,+59169009940,0,CB2022,-17.381461,-66.098772
9e5d8ee2-2279-47a4-b8fd-0358e4ef5f0f,2023-10-02 08:30:32,SMS,59171234567,+59166955967,0,CB2134,-17.406583,-66.075583
01a9bcf0-49db-4b40-83ad-ed36ef0ec263,2023-10-17 13:39:59,SMS,59171234567,+59168918347,0,CB2232,-17.394623,-66.073697
645f28d3-dd9d-41a7-a5aa-af9eebbf9d20,2023-10-03 10:59:31,DATA,59171234567,DATA_SERVICE,1191,CB2106,-17.403034,-66.042194
7f10cbda-568c-4490-adf6-f2060fbf5e8a,2023-10-14 22:39:08,SMS,59171234567,+59179526474,0,CB2412,-17.384972,-66.117222
fc948009-20c8-4cc3-b369-aa5ef2c7e38b,2023-10-08 04:30:48,VOICE,59171234567,+59165098160,1582,CS2259,-17.401944,-66.0375
36ae8005-179a-4744-a861-986c7f42a13e,2023-10-06 13:44:38,VOICE,59171234567,+59169009940,1116,CB2231,-17.385719,-66.066556
fa93667b-7555-4c05-b35a-988dba15bdac,2023-10-03 22:16:54,SMS,59171234567,+59168579263,0,CB2178,-17.398361,-66.035833
6cc07102-5c30-4c55-a1cf-d35feaf4faf6,2023-10-06 16:05:58,SMS,59171234567,+59167719784,0,CB2062,-17.395316,-66.113431
f645f5f7-00d0-4b4e-a789-9b53922d94ff,2023-10-24 18:22:23,DATA,59171234567,DATA_SERVICE,1207,CB2134,-17.406583,-66.075583
700eee58-b458-41b4-8e08-5b048974bc47,2023-10-18 15:25:02,VOICE,59171234567,+59175053981,1288,CB2106,-17.403034,-66.042194
bbb47214-6214-4389-af7f-bbc27b4e9d15,2023-10-06 14:23:59,VOICE,59171234567,+59172831175,1175,CB2127,-17.391,-66.098944
02855111-2392-424d-866d-b9835c463ab2,2023-10-07 23:44:26,VOICE,59171234567,+59163600670,1476,CB2232,-17.394623,-66.073697
85d51488-5224-47a6-b150-c3b47e98bb6c,2023-10-07 03:54:34,VOICE,59171234567,+59177462620,1152,CB2022,-17.381461,-66.098772
d724d0f6-ef38-41a7-9bdc-52b99ec375cc,2023-10-15 22:01:31,VOICE,59171234567,+59167923302,446,CB2412,-17.384972,-66.117222
04bfd80a-fa7c-4106-aac2-c1fafd1c5dc7,2023-10-04 17:39:26,VOICE,59171234567,+59173455960,1569,CB2062,-17.395316,-66.113431
8b54a07e-d1b3-4390-9b69-cb7f10fbdbde,2023-10-27 16:26:57,VOICE,59171234567,+59179526474,730,CB2136-B1,-17.410306,-66.037306
a76269ff-8e6b-4096-a2c5-1f3d4ea2a6b7,2023-10-06 01:19:54,VOICE,59171234567,+59166809334,651,CB2004,-17.373621,-66.122951
4b805e49-2789-48d7-a6ca-7d1db333a66c,2023-10-27 02:42:06,SMS,59171234567,+59175529456,0,CB2122,-17.381461,-66.098772
1544f82f-0542-4cd6-afc9-e6c13210f797,2023-10-24 23:20:59,VOICE,59171234567,+59165376526,1245,CB2062,-17.395316,-66.113431
a9fd55bf-f638-45ca-9214-5c1551fb39b4,2023-10-11 19:03:54,VOICE,59171234567,+59178774120,1656,CB2106,-17.403034,-66.042194
66793c2a-4c6a-44c0-9777-9d6786dc6ae7,2023-10-11 11:56:58,VOICE,59171234567,+59173334058,688,CB2136-B1,-17.410306,-66.037306
0ebe3a65-a9c5-4b86-bcbe-f8e7563eeae3,2023-10-31 13:31:03,DATA,59171234567,DATA_SERVICE,2584,CB2122,-17.381461,-66.098772
47311b25-667c-4316-985d-2fe1c3b9808a,2023-10-26 04:22:10,VOICE,59171234567,+59169009940,1735,CB2005,-17.38391,-66.08344
bef217ca-7441-4358-9a23-a94a1d45ae7f,2023-10-06 13:43:16,VOICE,59171234567,+59166809334,254,CB2191,-17.378722,-66.073139
6fbe536d-5649-4c9c-8682-a915180a9774,2023-10-16 07:02:19,VOICE,59171234567,+59178774120,146,CB2136-B1,-17.410306,-66.037306
1d5ec4e4-6a74-4150-8c9d-45d3913cec49,2023-10-02 06:29:43,VOICE,59171234567,+59166809334,1168,CB2178,-17.398361,-66.035833
61a105e4-ccf7-4a5d-8171-7f3baf2e91c4,2023-10-06 03:06:46,SMS,59171234567,+59179466595,0,CB2004,-17.373621,-66.122951
6cf3a111-f8e6-43e5-bab5-2ae06484aa60,2023-10-05 18:41:43,DATA,59171234567,DATA_SERVICE,2442,CB2178,-17.398361,-66.035833
6315dc77-fc65-416c-b063-d7b9c7ea5a46,2023-10-05 15:30:32,VOICE,59171234567,+59167923302,248,CB2178,-17.398361,-66.035833
00202298-f95b-433f-9031-4b24bc3a0e05,2023-10-27 14:28:33,VOICE,59171234567,+59168918347,1307,CB2232,-17.394623,-66.073697
0d2be414-9767-4e6e-95c1-cf17458eb9b7,2023-10-20 08:17:12,VOICE,59171234567,+59169009940,1405,CB2127,-17.391,-66.098944
727dbb9c-edf0-435b-885b-040855045917,2023-10-30 10:14:39,DATA,59171234567,DATA_SERVICE,1045,CB2005,-17.38391,-66.08344
ac5256f0-ab4f-4494-8840-d54f16d1afe3,2023-10-07 06:32:30,VOICE,59171234567,+59173863267,1618,CB2226,-17.372806,-66.072278
561b1d40-0e47-4f41-a2a3-353f618b3bf3,2023-10-02 05:23:09,VOICE,59171234567,+59168567970,1303,CB2006,-17.403034,-66.042194
1345318f-31f0-40e5-8bcd-69ff6e78d229,2023-10-17 18:51:32,SMS,59171234567,+59171728918,0,CB2191,-17.378722,-66.073139
8baf9a49-5046-4892-bd73-03d5fe217b88,2023-10-09 20:03:47,VOICE,59171234567,+59163600670,111,CB2226,-17.372806,-66.072278
feef7932-8230-49b4-9e9b-55f1425422a6,2023-10-24 08:01:26,DATA,59171234567,DATA_SERVICE,571,CB2232,-17.394623,-66.073697
43355b56-f0d6-436b-8f08-7fba6ce3eb09,2023-10-19 14:49:59,VOICE,59171234567,+59167645961,1346,CB2136-B1,-17.410306,-66.037306
59da9a6b-fc35-44c9-b816-4d881a5691d8,2023-10-19 01:13:25,DATA,59171234567,DATA_SERVICE,652,CB2134,-17.406583,-66.075583
7212e647-1d64-49d8-9bd3-19ecc9c04dbf,2023-10-18 12:28:40,VOICE,59171234567,+59178325176,562,CB2004,-17.373621,-66.122951
65c3528f-11b2-4bb3-8cdf-e22def552fef,2023-10-05 23:46:11,SMS,59171234567,+59178774120,0,CB2091,-17.403988,-66.027489
69babc29-c586-4d68-8099-35c6de0044b2,2023-10-01 14:36:32,SMS,59171234567,+59178774120,0,CB2242,-17.381778,-66.110306
2a330e0a-a30a-4d71-a7cc-cf88cbd92a8f,2023-10-24 01:39:53,DATA,59171234567,DATA_SERVICE,3288,CB2412,-17.384972,-66.117222
0876df3f-9b75-426f-9508-c0d544ca1335,2023-10-31 06:48:12,DATA,59171234567,DATA_SERVICE,3514,CB2062,-17.395316,-66.113431
82d631e8-ce1e-4792-98d5-81c347d34238,2023-10-30 15:55:11,VOICE,59171234567,+59167645961,1294,CB2127,-17.391,-66.098944
ae4db128-248c-466e-8f11-ab0efb17268c,2023-10-17 19:29:53,SMS,59171234567,+59174700203,0,CB2191,-17.378722,-66.073139
a8c20f4b-b9d4-4c27-9eff-723b36de9f8a,2023-10-02 00:54:44,VOICE,59171234567,+59165376526,333,CB2191,-17.378722,-66.073139
884c8755-a5bd-4800-9fb4-336bb3e237cd,2023-10-05 03:13:50,SMS,59171234567,+59166809334,0,CB2106,-17.403034,-66.042194
0a7e062c-e2db-484e-b4b7-ca28bf1e4ac6,2023-10-14 19:49:44,VOICE,59171234567,+59173180236,580,CB2231,-17.385719,-66.066556
1a226214-8d7e-4fb1-8bd9-ea81d3e4c8b3,2023-10-03 10:31:51,SMS,59171234567,+59168579263,0,CB2136-B1,-17.410306,-66.037306
69daa2c7-8cba-4f8a-b7c2-140c98167529,2023-10-18 04:32:51,DATA,59171234567,DATA_SERVICE,2646,CB2134,-17.406583,-66.075583
bd0760d1-d25f-48df-81ce-2dec1ee0254b,2023-10-14 18:32:00,VOICE,59171234567,+59166809334,103,CB2005,-17.38391,-66.08344
d2b522b3-6b58-4222-a4db-fc86b4845550,2023-10-01 18:18:11,VOICE,59171234567,+59168579263,339,CB2004,-17.373621,-66.122951
5ce94526-6fb3-45ae-ac80-a0f18989a9d0,2023-10-28 06:13:33,SMS,59171234567,+59177462620,0,CB2242,-17.381778,-66.110306
9eb45cfb-f058-4c43-9dae-179cef5b0f27,2023-10-25 09:54:10,VOICE,59171234567,+59167923302,348,CB2127,-17.391,-66.098944
04ba9b1b-2f5e-4cab-aa45-2f5dc542228a,2023-10-22 09:38:15,SMS,59171234567,+59167719784,0,CB2004,-17.373621,-66.122951
530f3b59-d8db-4f09-bd95-679ca8fb7663,2023-10-08 17:05:11,VOICE,59171234567,+59167923302,856,CB2091,-17.403988,-66.027489
7c03f90d-96df-4449-be03-2219ebb98e4d,2023-10-29 11:43:06,VOICE,59171234567,+59166809334,844,CB2134,-17.406583,-66.075583
f1f1a3d7-68dd-4460-a610-ea7dbd6516b0,2023-10-22 19:43:02,VOICE,59171234567,+59177462620,302,CB2004,-17.373621,-66.122951
86e0d30c-756a-4e9f-95d1-f1f0f97c3670,2023-10-22 22:34:24,VOICE,59171234567,+59173455960,441,CB2122,-17.381461,-66.098772
bd87e636-8339-4e41-8cb5-a8297e2cbb26,2023-10-12 01:00:14,VOICE,59171234567,+59179989751,1658,CB2231,-17.385719,-66.066556
a6685357-2a28-41ac-9df9-37d01968eb8f,2023-10-03 01:16:40,VOICE,59171234567,+59166955967,733,CB2006,-17.403034,-66.042194
072490fc-14c7-495c-873c-27ab46680660,2023-10-26 08:55:49,DATA,59171234567,DATA_SERVICE,644,CB2242,-17.381778,-66.110306
f8a7bd5d-ea02-451a-94da-7970d9745cbf,2023-10-19 14:01:14,VOICE,59171234567,+59169341706,1045,CS2259,-17.401944,-66.0375
7ef478e6-835e-4d2c-8fcb-cb743991a49a,2023-10-31 21:58:34,DATA,59171234567,DATA_SERVICE,1536,CB2022,-17.381461,-66.098772
85aea8dd-4670-440f-9892-a3a27e0e7d73,2023-10-19 20:39:44,DATA,59171234567,DATA_SERVICE,1636,CB2004,-17.373621,-66.122951
7f5905b1-fd92-48b6-949d-daf9dc100d86,2023-10-23 16:47:58,VOICE,59171234567,+59175053981,1073,CB2242,-17.381778,-66.110306
e276fade-b7e5-407e-84a6-b012c36513eb,2023-10-10 16:40:11,VOICE,59171234567,+59166785133,838,CB2134,-17.406583,-66.075583
9ff6c595-ed9c-456d-8131-9f1bba19e8aa,2023-10-16 21:17:41,VOICE,59171234567,+59173863267,57,CB2106,-17.403034,-66.042194
b6508ed2-5425-47cf-b3f7-fd436458355a,2023-10-18 02:07:47,DATA,59171234567,DATA_SERVICE,1183,CB2178,-17.398361,-66.035833
c1598d3a-a252-4bba-82e2-31218a4a87c7,2023-10-06 02:19:54,VOICE,59171234567,+59173863267,1392,CB2242,-17.381778,-66.110306
983497ee-ba33-4206-b95e-88619ba44879,2023-10-15 07:04:40,SMS,59171234567,+59175095372,0,CB2005,-17.38391,-66.08344
fe38b10d-d240-4d53-a1b5-41c3df8e7e90,2023-10-11 12:05:16,DATA,59171234567,DATA_SERVICE,3572,CB2022,-17.381461,-66.098772
487b8733-2cff-4c06-b375-fcbb1492c9c3,2023-10-28 17:41:33,VOICE,59171234567,+59173002079,1200,CB2412,-17.384972,-66.117222
e9ec7208-2acb-4b9c-9891-33ae9d218c42,2023-10-15 00:25:50,VOICE,59171234567,+59168567970,1288,CB2242,-17.381778,-66.110306
4db4e05c-f34a-47ee-96fc-b439e30bb757,2023-10-01 18:35:38,VOICE,59171234567,+59167645961,1029,CB2136-B1,-17.410306,-66.037306
45a9384b-9f74-4ee6-92d7-6a3f67022b2e,2023-10-25 05:13:58,VOICE,59171234567,+59162859214,1744,CS2259,-17.401944,-66.0375
0459f7a6-2107-4542-ba9c-70572133683b,2023-10-06 14:14:18,VOICE,59171234567,+59166955967,496,CB2191,-17.378722,-66.073139
b4cd42cb-879e-45ab-a883-56d9becf8a05,2023-10-06 16:45:22,VOICE,59171234567,+59173863267,66,CS2259,-17.401944,-66.0375
5620d5c4-64f0-4049-8824-0fcb76a1d0da,2023-10-26 01:25:47,SMS,59171234567,+59165186285,0,CB2062,-17.395316,-66.113431
68b70368-0ab6-48d5-ae49-1edadeca9591,2023-10-29 04:42:42,VOICE,59171234567,+59166955967,1300,CB2178,-17.398361,-66.035833
df30551b-79bc-40c6-871b-96810019a484,2023-10-30 03:35:20,SMS,59171234567,+59162859214,0,CB2122,-17.381461,-66.098772
3b57d7bb-365c-4821-b3a9-2cbf0d2bcfd7,2023-10-23 23:49:37,VOICE,59171234567,+59173180236,1003,CB2122,-17.381461,-66.098772
28cc3916-c345-4213-bdae-4e1e307e5d3a,2023-10-11 06:56:56,VOICE,59171234567,+59178325176,1247,CB2006,-17.403034,-66.042194
fcf39939-67b7-445f-a4a4-64c2252c0d64,2023-10-25 22:44:06,DATA,59171234567,DATA_SERVICE,1092,CB2106,-17.403034,-66.042194
114c9cf5-6e9c-48f9-9217-dffa032d3827,2023-10-23 07:05:39,VOICE,59171234567,+59171728918,322,CB2005,-17.38391,-66.08344
aeddb4a0-c460-40c6-bc6c-d38aeede62a1,2023-10-18 16:52:48,VOICE,59171234567,+59175095372,632,CB2005,-17.38391,-66.08344
fcbc0f06-7aa1-4466-b353-909e92478a7b,2023-10-22 17:36:52,VOICE,59171234567,+59173180236,1733,CB2412,-17.384972,-66.117222
48f52342-ee54-4639-964f-1f4ede70a2fd,2023-10-29 13:14:16,VOICE,59171234567,+59178273821,1603,CB2004,-17.373621,-66.122951
3dcf26e6-8e83-4780-8bf6-08fae21d4134,2023-10-04 19:49:12,VOICE,59171234567,+59167645961,744,CB2191,-17.378722,-66.073139
7cadbd01-4c36-4a0f-8354-01b3cfd17b1b,2023-10-07 02:26:19,SMS,59171234567,+59179466595,0,CB2106,-17.403034,-66.042194
1efbf977-3755-4a75-9cb0-a3fc2e9e74c3,2023-10-25 00:26:48,VOICE,59171234567,+59167719784,435,CB2091,-17.403988,-66.027489
85fd0496-0ccc-4c51-a98c-f6c8209f6137,2023-10-28 04:15:00,VOICE,59171234567,+59179526474,1243,CB2091,-17.403988,-66.027489
78ad9150-225a-4cca-b8b1-4b68b73bdc5b,2023-10-14 16:49:51,VOICE,59171234567,+59175095372,1200,CB2122,-17.381461,-66.098772
d02acbac-ad28-4c28-9b0b-caaa7687559d,2023-10-14 02:15:31,VOICE,59171234567,+59172113263,1610,CB2022,-17.381461,-66.098772
6cab6a94-ef22-42c2-86be-2fadd9690289,2023-10-06 06:50:44,VOICE,59171234567,+59172831175,230,CB2004,-17.373621,-66.122951
fd78c48b-16b6-4d23-847a-0e0868fc2577,2023-10-18 02:00:00,SMS,59171234567,+59172959120,0,CB2178,-17.398361,-66.035833
956c49ea-b8c2-4975-b280-58903bddecf0,2023-10-19 14:53:05,VOICE,59171234567,+59162859214,113,CB2226,-17.372806,-66.072278
e58a2522-872e-4efa-afb0-402e5b0cb9a1,2023-10-14 14:39:55,VOICE,59171234567,+59169009940,226,CB2232,-17.394623,-66.073697
55345408-86a6-4574-a802-89de555b6836,2023-10-01 13:04:45,VOICE,59171234567,+59176195873,1622,CB2005,-17.38391,-66.08344
520a33ed-dbd2-46ca-8d52-c5c5a2724117,2023-10-18 02:15:51,VOICE,59171234567,+59179989751,1030,CB2122,-17.381461,-66.098772
80487e19-d881-4a61-aa3b-acc1d37524e4,2023-10-12 23:39:48,VOICE,59171234567,+59169009940,297,CB2136-B1,-17.410306,-66.037306
36607af5-12ef-4d86-91a1-339726c403ad,2023-10-11 13:42:50,VOICE,59171234567,+59168918347,149,CB2004,-17.373621,-66.122951
cdf36267-f002-42c5-8559-e4b491f8ff63,2023-10-30 00:41:36,SMS,59171234567,+59173180236,0,CB2136-B1,-17.410306,-66.037306
a2dd7783-7ae5-4b12-8287-22bb7f2b2f92,2023-10-21 15:00:46,VOICE,59171234567,+59169009940,1124,CB2134,-17.406583,-66.075583
e809debf-73bc-4d6c-82c3-04841946a2fd,2023-10-20 19:52:33,SMS,59171234567,+59165098160,0,CB2004,-17.373621,-66.122951
dcfbefe4-4129-40a0-8575-ccd5c7efb749,2023-10-21 17:03:06,SMS,59171234567,+59165376526,0,CB2006,-17.403034,-66.042194
43250d59-267c-418e-abbb-3716e1925fc6,2023-10-13 05:41:41,VOICE,59171234567,+59175341679,456,CB2242,-17.381778,-66.110306
7d3e3994-9030-4339-a3f0-79a577bd1fc3,2023-10-02 17:01:39,VOICE,59171234567,+59178273821,1057,CS2259,-17.401944,-66.0375
9a736b43-89ad-46a9-98b6-e5e9a4101541,2023-10-15 01:54:15,SMS,59171234567,+59174447992,0,CS2259,-17.401944,-66.0375
9714cccc-5aed-4d72-bba7-4f6355e8ec2c,2023-10-21 20:02:53,VOICE,59171234567,+59177462620,1339,CB2004,-17.373621,-66.122951
7688d467-03bf-4d9f-a803-702237a75133,2023-10-02 10:07:19,VOICE,59171234567,+59172113263,1240,CB2232,-17.394623,-66.073697
1063d797-90a5-47d6-8a52-6d5f39e72491,2023-10-21 18:38:43,VOICE,59171234567,+59176195873,792,CB2004,-17.373621,-66.122951
f6591391-03ae-469c-97e7-4406739277c4,2023-10-21 15:10:25,SMS,59171234567,+59173334058,0,CB2062,-17.395316,-66.113431
ba422da1-a425-44d1-be25-e0feff8f5d05,2023-10-16 06:14:53,SMS,59171234567,+59175095372,0,CB2022,-17.381461,-66.098772
a3c81606-b82a-42a8-ada8-b5d30116ef4a,2023-10-02 08:54:12,SMS,59171234567,+59174700203,0,CB2062,-17.395316,-66.113431
66e912b2-bcdb-4b43-b67d-ed4166ea42f5,2023-10-24 06:52:31,SMS,59171234567,+59179466595,0,CB2062,-17.395316,-66.113431
9cf75337-be04-44f3-adc3-ecdd004fb62c,2023-10-02 19:33:31,VOICE,59171234567,+59166955967,1345,CB2178,-17.398361,-66.035833
274f3d1e-d68d-428f-89e4-96d21677cef7,2023-10-08 14:18:41,SMS,59171234567,+59169341706,0,CB2122,-17.381461,-66.098772
ca736d22-ac4a-4155-8952-c81ce9eff677,2023-10-22 13:54:17,VOICE,59171234567,+59177031878,1148,CB2242,-17.381778,-66.110306
cde9e2b0-6fb4-4579-bb2e-782edeabaa9c,2023-10-28 03:25:31,SMS,59171234567,+59172831175,0,CB2231,-17.385719,-66.066556
5ef56ff8-b85f-484b-9d1d-c68b25e66ed5,2023-10-30 06:35:34,VOICE,59171234567,+59171687192,253,CB2191,-17.378722,-66.073139
d917904b-da61-4016-abbc-e22616ef412a,2023-10-12 21:25:15,VOICE,59171234567,+59165186285,643,CB2005,-17.38391,-66.08344
1625022a-9092-4caa-b417-2911c4d44d33,2023-10-23 18:15:41,SMS,59171234567,+59166785133,0,CB2106,-17.403034,-66.042194
8e3bee82-ca98-4c93-aa58-c3fab9eab63d,2023-10-13 22:55:42,VOICE,59171234567,+59174700203,706,CB2134,-17.406583,-66.075583
67f54b0c-0372-4ea7-833c-0d60cfa4ce34,2023-10-16 05:01:56,VOICE,59171234567,+59161601230,1768,CB2232,-17.394623,-66.073697
fcd50b9b-3af9-42b2-96b2-28cc4f1b8137,2023-10-29 03:36:33,VOICE,59171234567,+59177462620,1614,CB2062,-17.395316,-66.113431
acc1a30d-c42b-48aa-8140-509948d57e89,2023-10-01 20:00:28,SMS,59171234567,+59165944438,0,CB2005,-17.38391,-66.08344
877d1ab7-1675-4ab2-bb41-78990da75d42,2023-10-27 11:00:35,SMS,59171234567,+59178774120,0,CB2006,-17.403034,-66.042194
c145fe51-fd7b-469e-809b-f673b4476bfa,2023-10-10 16:55:56,SMS,59171234567,+59165376526,0,CB2232,-17.394623,-66.073697
3deda8f9-3d08-4492-ab62-22d402a61154,2023-10-06 09:21:38,VOICE,59171234567,+59172113263,203,CB2005,-17.38391,-66.08344
140cb7ac-dfda-4f82-bd18-d3d3e2001204,2023-10-26 10:45:46,SMS,59171234567,+59166955967,0,CB2136-B1,-17.410306,-66.037306
5d7fad54-48de-4fb5-92fc-76b06ac6ae12,2023-10-24 22:42:15,SMS,59171234567,+59173863267,0,CB2005,-17.38391,-66.08344
134d86e0-db87-41ba-8bdc-273adc343abd,2023-10-23 13:14:27,SMS,59171234567,+59177031878,0,CB2005,-17.38391,-66.08344
9d2c15ad-8cf9-4a52-aac8-fe9609fee341,2023-10-27 14:19:30,VOICE,59171234567,+59175053981,895,CB2062,-17.395316,-66.113431
72ad05c6-8c04-48a8-b198-9d7a088fe7fe,2023-10-20 01:47:46,SMS,59171234567,+59179526474,0,CB2232,-17.394623,-66.073697
ddbd2f19-a08a-48ab-b1e6-5df4bc3ff1e9,2023-10-25 09:33:39,VOICE,59171234567,+59175529456,1513,CB2226,-17.372806,-66.072278
9b4bec64-566a-4207-b1d8-1212530dab9f,2023-10-07 06:40:52,VOICE,59171234567,+59165944438,390,CB2242,-17.381778,-66.110306
ba97cd12-3988-4799-9dc9-60e139fd0256,2023-10-02 05:21:47,VOICE,59171234567,+59172113263,1022,CB2006,-17.403034,-66.042194
b71a2813-72fd-4f5e-a32c-b6ded517b52a,2023-10-27 23:59:26,VOICE,59171234567,+59163600670,771,CB2005,-17.38391,-66.08344
9d0c1238-84f8-4655-82d2-b9a3615cc2d3,2023-10-23 15:20:48,SMS,59171234567,+59177462620,0,CB2122,-17.381461,-66.098772
bb8e7913-4c51-4360-ab74-e0dab12ff748,2023-10-31 15:43:18,VOICE,59171234567,+59164366705,218,CB2232,-17.394623,-66.073697
13e6ee51-962f-4313-9305-22dbafdf8c1e,2023-10-07 12:30:35,VOICE,59171234567,+59168918347,7,CB2242,-17.381778,-66.110306
1b81218d-bfca-4394-abf1-5e4931e2e43c,2023-10-25 08:53:45,SMS,59171234567,+59163600670,0,CB2231,-17.385719,-66.066556
55585fad-7317-4ab1-ab44-e816dd79b354,2023-10-10 02:08:22,VOICE,59171234567,+59173334058,38,CB2136-B1,-17.410306,-66.037306
81817463-16c5-495e-90a9-82c0aa42f43c,2023-10-19 07:40:41,DATA,59171234567,DATA_SERVICE,1634,CS2259,-17.401944,-66.0375
f8b1badc-9cbf-4d82-8e9b-46574775f835,2023-10-15 18:34:21,VOICE,59171234567,+59166785133,1329,CB2006,-17.403034,-66.042194
21c2e951-5a28-4046-8916-f70e908285b3,2023-10-22 09:04:30,VOICE,59171234567,+59172425458,300,CB2136-B1,-17.410306,-66.037306
505c1dff-6f03-44d7-a7d0-3d3251fa7f1e,2023-10-13 04:20:02,SMS,59171234567,+59168579263,0,CB2005,-17.38391,-66.08344
1020461d-d9fc-49ed-9cb1-4b66e51fd579,2023-10-28 13:05:19,VOICE,59171234567,+59173863267,1232,CB2178,-17.398361,-66.035833
d5703a4a-1a8e-4261-87f3-aa8bca96d8c1,2023-10-07 23:35:48,VOICE,59171234567,+59168513333,330,CB2191,-17.378722,-66.073139
45897ea8-e388-42f5-b2e7-de0f2f175eab,2023-10-23 23:19:43,VOICE,59171234567,+59166809334,1760,CB2004,-17.373621,-66.122951
d595cb42-43a5-40d8-bb72-b9ad40032f8c,2023-10-14 15:52:58,SMS,59171234567,+59167923302,0,CB2134,-17.406583,-66.075583
cfa135c2-9f18-4829-920b-e95bb823b62e,2023-10-20 01:21:22,SMS,59171234567,+59179466595,0,CB2122,-17.381461,-66.098772
85090ddf-b7a7-4350-b7ee-e7c7cae2abfe,2023-10-24 03:17:54,VOICE,59171234567,+59163600670,688,CB2191,-17.378722,-66.073139
46b9fd17-b4e9-4dfb-838c-bf5687f6b9a4,2023-10-04 21:33:22,VOICE,59171234567,+59163600670,1584,CB2242,-17.381778,-66.110306
9e6fcb18-9d9d-4bc0-a0d5-ba4c8427c28e,2023-10-05 07:00:26,VOICE,59171234567,+59173455960,416,CB2134,-17.406583,-66.075583
edaba1e7-ddb1-41d3-ae53-1409cd51f811,2023-10-31 00:17:13,SMS,59171234567,+59166809334,0,CS2259,-17.401944,-66.0375
3b5dbf62-d1d3-45f1-926e-b86ae668701d,2023-10-24 03:56:38,VOICE,59171234567,+59161601230,857,CB2122,-17.381461,-66.098772
5d3f59d9-0d3c-45cd-890c-fc87898d6bdb,2023-10-11 09:26:56,VOICE,59171234567,+59163600670,1226,CB2136-B1,-17.410306,-66.037306
eb1f6823-0011-40db-8ef2-277f8fa6da7a,2023-10-06 08:57:49,VOICE,59171234567,+59174447992,1207,CB2006,-17.403034,-66.042194
5e703e24-1d20-4e58-a269-ba5f7697b8a7,2023-10-08 04:46:18,VOICE,59171234567,+59173334058,810,CB2005,-17.38391,-66.08344
c44b3db4-5fe4-4f73-8589-6987743e6223,2023-10-18 22:51:31,VOICE,59171234567,+59172959120,1597,CB2004,-17.373621,-66.122951
bb022eec-af5d-4998-8db8-012597e8bf44,2023-10-02 04:07:09,SMS,59171234567,+59173835522,0,CB2006,-17.403034,-66.042194
d47e0fb9-1222-47d9-8a68-47105065e6aa,2023-10-16 18:53:51,VOICE,59171234567,+59175053981,413,CB2127,-17.391,-66.098944
73a41135-3ccb-4cff-8c85-b8c84633b36c,2023-10-06 20:05:51,SMS,59171234567,+59179989751,0,CB2191,-17.378722,-66.073139
d2365908-fa76-4b14-bd55-511ae666d3ed,2023-10-12 16:24:22,VOICE,59171234567,+59165712564,171,CB2232,-17.394623,-66.073697
6870c466-29c7-4451-b863-20c3d188f8f1,2023-10-01 08:39:13,SMS,59171234567,+59172831175,0,CB2062,-17.395316,-66.113431
51741af2-d8db-403e-93ad-e187900a3247,2023-10-28 03:29:02,VOICE,59171234567,+59163600670,1390,CS2259,-17.401944,-66.0375
492249f7-fb3e-4458-8288-f43659afb911,2023-10-09 11:49:01,VOICE,59171234567,+59165098160,1431,CB2022,-17.381461,-66.098772
b7d62967-3d95-43a2-b680-cc35ba772f28,2023-10-23 15:28:10,DATA,59171234567,DATA_SERVICE,2564,CB2004,-17.373621,-66.122951
f2c180d8-8222-42ab-91ce-7dc3660aa6dd,2023-10-30 03:58:00,VOICE,59171234567,+59177031878,1708,CB2004,-17.373621,-66.122951
f4ff76da-c52a-41d7-bc51-c0e5d63791e6,2023-10-30 04:36:45,DATA,59171234567,DATA_SERVICE,2772,CB2006,-17.403034,-66.042194
240490fc-5929-471e-a16b-7eb1e74132a6,2023-10-26 16:45:31,VOICE,59171234567,+59165098160,1481,CB2122,-17.381461,-66.098772
a4d78542-fc7d-438e-814b-4f1748849d4a,2023-10-02 03:49:03,SMS,59171234567,+59167719784,0,CB2122,-17.381461,-66.098772
64399ec6-2d37-4b4c-8082-4e3ca6f3ad36,2023-10-03 21:30:50,SMS,59171234567,+59171687192,0,CB2232,-17.394623,-66.073697
ea9f7c43-fbb6-429a-8661-694ed9c4c619,2023-10-21 08:30:00,DATA,59171234567,DATA_SERVICE,1381,CB2106,-17.403034,-66.042194
33ef1600-5e86-4db8-9a27-5fda8102b7d9,2023-10-26 13:10:05,VOICE,59171234567,+59163600670,1124,CB2005,-17.38391,-66.08344
3c9e9917-820b-4698-80de-6f425410743c,2023-10-12 23:11:38,VOICE,59171234567,+59167923302,1392,CB2005,-17.38391,-66.08344
5ef1d990-d7fa-4ee9-94cc-3d8145dda7ea,2023-10-04 20:17:35,SMS,59171234567,+59178273821,0,CB2091,-17.403988,-66.027489
88b943b3-6786-4d92-92a2-afd34d9f1af2,2023-10-08 19:17:36,VOICE,59171234567,+59173863267,1508,CB2178,-17.398361,-66.035833
56cd3c44-a5fa-475f-b8db-b394fe8c9cf9,2023-10-23 10:06:08,VOICE,59171234567,+59165712564,62,CB2134,-17.406583,-66.075583
bc26d6d6-c387-45b4-8b89-de126dfcc832,2023-10-27 12:22:50,VOICE,59171234567,+59171728918,1758,CB2178,-17.398361,-66.035833
ec9140eb-84df-424d-bc43-cd865fe73a42,2023-10-30 16:46:35,SMS,59171234567,+59179466595,0,CB2226,-17.372806,-66.072278
7f154663-2eb7-4346-9d87-ea4ce709143f,2023-10-27 08:15:57,SMS,59171234567,+59174447992,0,CB2006,-17.403034,-66.042194
b08d8fc2-fe44-4111-baa6-bbb662584422,2023-10-23 19:14:09,DATA,59171234567,DATA_SERVICE,988,CB2242,-17.381778,-66.110306
dd947283-5eeb-4189-9242-f1eec325bd6f,2023-10-19 18:16:00,VOICE,59171234567,+59168567970,1438,CB2022,-17.381461,-66.098772
7182faaf-574d-460e-aee0-975307d72e3b,2023-10-19 20:08:20,VOICE,59171234567,+59174447992,1614,CB2005,-17.38391,-66.08344
9596b62a-7e65-4d7c-99fe-eb097dd52be1,2023-10-17 03:43:00,VOICE,59171234567,+59177031878,255,CB2127,-17.391,-66.098944
3b54aeae-4edf-4b94-a24d-ab35e0134117,2023-10-12 14:03:09,VOICE,59171234567,+59173835522,1277,CB2191,-17.378722,-66.073139
16efaed0-1541-4d62-a672-bc16bf7cc34b,2023-10-07 17:16:19,VOICE,59171234567,+59175095372,1478,CB2412,-17.384972,-66.117222
d35c17b1-93b5-409b-b1b8-3490b984804a,2023-10-18 02:27:40,VOICE,59171234567,+59172113263,1173,CB2232,-17.394623,-66.073697
89f7d04e-e478-41ef-abc6-b9aa5244bb6a,2023-10-06 23:53:27,SMS,59171234567,+59171728918,0,CB2062,-17.395316,-66.113431
8224ad1c-e724-4fd3-9dc4-819e08b0d29e,2023-10-09 18:01:16,VOICE,59171234567,+59165944438,328,CB2005,-17.38391,-66.08344
bf7a057a-2ec9-4257-aa47-730910e5f077,2023-10-18 03:18:26,DATA,59171234567,DATA_SERVICE,692,CB2232,-17.394623,-66.073697
c15871e3-cbc7-4a58-8c69-dc02e363cb6b,2023-10-08 23:23:49,VOICE,59171234567,+59175095372,1780,CB2136-B1,-17.410306,-66.037306
7a65be57-b55d-429c-97f1-0dab52345ac2,2023-10-27 07:36:36,VOICE,59171234567,+59165376526,810,CS2259,-17.401944,-66.0375
1faf3426-708a-4f99-a16a-37339154c2d0,2023-10-29 16:41:33,DATA,59171234567,DATA_SERVICE,3154,CB2231,-17.385719,-66.066556
75c2e27b-64e7-45a1-a4d4-64d6b9c47981,2023-10-15 11:21:37,VOICE,59171234567,+59178273821,7,CB2191,-17.378722,-66.073139
c9d097cd-9dd9-4e06-ac88-2eecd30e7e30,2023-10-11 09:38:45,VOICE,59171234567,+59171687192,1116,CB2127,-17.391,-66.098944
8d1f0dd3-118e-4e8a-8050-573d4b713220,2023-10-13 15:10:26,SMS,59171234567,+59162859214,0,CS2259,-17.401944,-66.0375
b0c9797f-5920-49b6-8b48-04af71b87079,2023-10-03 03:39:49,VOICE,59171234567,+59178273821,94,CB2242,-17.381778,-66.110306
632c58e1-1ba8-494b-b463-cc161c377843,2023-10-30 13:10:55,VOICE,59171234567,+59172113263,88,CB2178,-17.398361,-66.035833
1e0e4182-48b9-4e79-a0cc-70a843eb265c,2023-10-27 00:23:42,SMS,59171234567,+59168918347,0,CB2005,-17.38391,-66.08344
2a06b320-0d0e-45f7-993f-1323aa0f768f,2023-10-03 09:36:57,VOICE,59171234567,+59174447992,1788,CB2226,-17.372806,-66.072278
75fdfa00-19c6-467b-805e-2a8002981c98,2023-10-11 05:59:06,VOICE,59171234567,+59177462620,339,CB2178,-17.398361,-66.035833
3cd48f08-8173-4c80-a8ff-b61f9bcbb1f4,2023-10-05 20:39:19,VOICE,59171234567,+59173863267,1654,CS2259,-17.401944,-66.0375
166eebb7-857c-4d2e-a418-40b10136ea34,2023-10-23 06:24:31,VOICE,59171234567,+59175095372,453,CB2091,-17.403988,-66.027489
6c09437a-e852-4d6a-af11-fcc223303cb1,2023-10-23 10:24:21,VOICE,59171234567,+59168567970,558,CB2232,-17.394623,-66.073697
52bb24ae-6a90-4da5-b79d-73f468c43b1c,2023-10-23 17:16:27,VOICE,59171234567,+59174447992,461,CB2178,-17.398361,-66.035833
2a8700af-d6ca-4eeb-8222-cdf7426d176d,2023-10-22 08:09:43,DATA,59171234567,DATA_SERVICE,1545,CB2242,-17.381778,-66.110306
1898dab2-d2d6-49c9-96b0-b6a7ee89f852,2023-10-03 09:08:50,VOICE,59171234567,+59179989751,1770,CB2242,-17.381778,-66.110306
f94e2307-8c81-4dca-8033-beeb1453a41f,2023-10-30 21:11:26,VOICE,59171234567,+59169009940,419,CB2004,-17.373621,-66.122951
36d3b10d-5a2c-4e7c-a1f5-403385b29287,2023-10-19 23:29:14,SMS,59171234567,+59175053981,0,CB2106,-17.403034,-66.042194
34800a66-11e0-4eac-9776-241ab3570b61,2023-10-25 17:57:56,VOICE,59171234567,+59173455960,858,CB2226,-17.372806,-66.072278
a5eb999a-c01e-4e9e-9a1a-21778a7d104a,2023-10-03 07:18:48,VOICE,59171234567,+59165186285,280,CB2191,-17.378722,-66.073139
2be1b3ac-65d7-4017-9203-c8e85d46589b,2023-10-16 07:33:15,SMS,59171234567,+59174447992,0,CB2226,-17.372806,-66.072278
28cc0e8b-7352-4c13-81dd-92d36b867d37,2023-10-23 09:31:45,VOICE,59171234567,+59168513333,68,CB2062,-17.395316,-66.113431
5bae0f87-0593-4baf-8ae2-7fc0cd38f6cd,2023-10-05 21:55:41,VOICE,59171234567,+59174296931,956,CB2191,-17.378722,-66.073139
6a2967b3-bf8a-4847-ac29-45196efcfcc1,2023-10-29 16:39:41,SMS,59171234567,+59168579263,0,CB2091,-17.403988,-66.027489
b532cb89-8fb6-43db-bd12-3267abada15d,2023-10-19 19:02:35,VOICE,59171234567,+59171687192,479,CS2259,-17.401944,-66.0375
788e3515-a0f5-47a4-bae6-e39257842a52,2023-10-14 08:52:55,VOICE,59171234567,+59163600670,1352,CB2091,-17.403988,-66.027489
4fb4e3e7-53eb-470c-99ff-b0d4e4192482,2023-10-09 03:39:54,SMS,59171234567,+59172831175,0,CB2231,-17.385719,-66.066556
ac9b1528-7a11-4af7-a859-a1cf6db2b9cb,2023-10-30 18:17:52,VOICE,59171234567,+59173002079,435,CB2191,-17.378722,-66.073139
620d47d3-45e5-49cc-8761-09d3fea7da66,2023-10-24 11:50:45,SMS,59171234567,+59164366705,0,CS2259,-17.401944,-66.0375
359de34b-b474-4d50-9aae-eb15b38f2a36,2023-10-17 22:48:30,VOICE,59171234567,+59171728918,868,CB2106,-17.403034,-66.042194
34fa441d-156a-4504-86e7-de60675df0e7,2023-10-17 03:02:53,DATA,59171234567,DATA_SERVICE,1210,CB2231,-17.385719,-66.066556
29888e6f-ad5e-4603-85a2-3a634ff3fef1,2023-10-05 11:17:01,VOICE,59171234567,+59177462620,1306,CB2412,-17.384972,-66.117222
2fb79e0a-9dbf-4b0a-84d3-b394d8ff2b5c,2023-10-09 03:22:41,DATA,59171234567,DATA_SERVICE,3133,CB2134,-17.406583,-66.075583
ffc57258-ab5b-471f-87e9-ee74a4ad1133,2023-10-17 12:07:57,SMS,59171234567,+59179526474,0,CB2127,-17.391,-66.098944
ad003d7d-e24a-4707-8a9e-8a509cc38c8d,2023-10-05 18:21:55,DATA,59171234567,DATA_SERVICE,3036,CB2005,-17.38391,-66.08344
10a1fb69-7ba1-40e8-98b2-36337a368aae,2023-10-12 00:37:03,VOICE,59171234567,+59171728918,748,CB2091,-17.403988,-66.027489
fe19955f-1d7d-418a-9b20-e55bc59c68b5,2023-10-14 05:48:42,VOICE,59171234567,+59174447992,242,CB2022,-17.381461,-66.098772
e57dd2d9-75dc-49fd-86d4-a4e51ce89236,2023-10-18 05:05:23,VOICE,59171234567,+59166955967,236,CB2122,-17.381461,-66.098772
c70937e7-86ea-4c33-8463-8caa7c2e151c,2023-10-11 10:41:48,VOICE,59171234567,+59172425458,1151,CB2412,-17.384972,-66.117222
1eeb2785-3415-4dfd-8ef1-9244cd153325,2023-10-18 16:54:36,VOICE,59171234567,+59168918347,1498,CB2062,-17.395316,-66.113431
f1090902-2a03-4a30-89cc-79004f9bb6fd,2023-10-19 11:46:50,VOICE,59171234567,+59169341706,1743,CB2006,-17.403034,-66.042194
9ce540b7-5df6-4753-a28b-70f9630ec835,2023-10-26 05:42:14,VOICE,59171234567,+59165098160,1366,CB2191,-17.378722,-66.073139
e6d50e6b-ded9-4f09-90db-9a899b58096e,2023-10-07 19:37:52,VOICE,59171234567,+59165376526,187,CB2091,-17.403988,-66.027489
4622a61f-0d80-4369-a5d1-26aa83be3dff,2023-10-20 00:23:05,SMS,59171234567,+59172831175,0,CB2006,-17.403034,-66.042194
1f4b86a3-7ca8-448c-b078-d9815d6bac7c,2023-10-18 02:35:23,SMS,59171234567,+59179526474,0,CB2122,-17.381461,-66.098772
238c5c9a-1ac0-4cb1-a238-34384e8ed1c4,2023-10-20 01:38:50,VOICE,59171234567,+59174700203,801,CB2136-B1,-17.410306,-66.037306
514aaf52-577b-4250-a0d5-3f92fbc6f0f6,2023-10-16 02:39:12,SMS,59171234567,+59173180236,0,CB2178,-17.398361,-66.035833
67d2c657-74e0-4a8f-8f5c-7b883ffb4e4f,2023-10-26 04:39:04,VOICE,59171234567,+59166371086,948,CB2122,-17.381461,-66.098772
4fba429c-c133-4ade-88de-2b9f972c50f8,2023-10-09 14:47:42,VOICE,59171234567,+59165186285,1215,CB2022,-17.381461,-66.098772
ace58c46-c839-48ff-86bb-03b2e98ac970,2023-10-12 00:54:56,DATA,59171234567,DATA_SERVICE,2810,CB2136-B1,-17.410306,-66.037306
0607dbb0-f9e2-4fe9-a04f-796975978e2b,2023-10-30 12:02:33,VOICE,59171234567,+59173455960,1725,CB2106,-17.403034,-66.042194
46259fe7-6056-4735-a38b-4d650ebe930c,2023-10-18 19:05:41,VOICE,59171234567,+59168918347,441,CB2004,-17.373621,-66.122951
c563a090-e98f-4320-9dd8-3cf57e5578fc,2023-10-21 12:57:17,SMS,59171234567,+59171728918,0,CB2022,-17.381461,-66.098772
72ec6b5d-481f-4e96-8095-940fa10a9367,2023-10-15 08:26:11,SMS,59171234567,+59172959120,0,CB2232,-17.394623,-66.073697
6f472896-67dc-4087-8fc7-2789fed975e2,2023-10-08 04:26:12,SMS,59171234567,+59164366705,0,CB2136-B1,-17.410306,-66.037306
7ee8cbea-cd20-4f85-a756-5fc1058020fb,2023-10-28 14:04:47,SMS,59171234567,+59168567970,0,CB2178,-17.398361,-66.035833
a756ca5e-939e-486e-ac35-b0421e791395,2023-10-08 17:03:52,VOICE,59171234567,+59167923302,888,CB2134,-17.406583,-66.075583
cd75b01b-77c9-482c-a80e-d4245bba3d60,2023-10-05 15:33:31,DATA,59171234567,DATA_SERVICE,1464,CB2226,-17.372806,-66.072278
9256186d-4982-4886-bc70-30099f6880e1,2023-10-04 22:45:47,SMS,59171234567,+59166955967,0,CB2412,-17.384972,-66.117222
d3b1ef11-715a-491b-93b5-204b50e773d4,2023-10-25 12:37:19,DATA,59171234567,DATA_SERVICE,2622,CB2062,-17.395316,-66.113431
e118f446-c601-4458-9da4-7cabc8f82099,2023-10-24 18:31:06,VOICE,59171234567,+59173863267,597,CB2412,-17.384972,-66.117222
daa28928-f5ce-49a7-8e0a-2812b01f60fa,2023-10-23 05:04:03,SMS,59171234567,+59178774120,0,CB2191,-17.378722,-66.073139
e31eaac5-4f5a-44f4-aef9-062c3c75e09c,2023-10-13 12:21:18,SMS,59171234567,+59164366705,0,CB2226,-17.372806,-66.072278
48dee072-4e81-4b78-a29e-9af9f40843db,2023-10-15 17:07:03,SMS,59171234567,+59165944438,0,CB2226,-17.372806,-66.072278
745efaec-53ee-479b-9afa-31d3b283e6ff,2023-10-04 04:40:17,VOICE,59171234567,+59175053981,263,CB2178,-17.398361,-66.035833
c0a296e8-f516-476b-857c-269a98a19d7f,2023-10-31 21:38:38,DATA,59171234567,DATA_SERVICE,1219,CB2232,-17.394623,-66.073697
fbe966e3-c0ce-4ebd-9ff9-ea33f264152a,2023-10-04 10:26:00,VOICE,59171234567,+59166809334,88,CB2134,-17.406583,-66.075583
06f2f4c3-38eb-46ba-a3c3-174aca5ef040,2023-10-02 07:25:04,DATA,59171234567,DATA_SERVICE,700,CB2231,-17.385719,-66.066556
a9e82cdd-fbc6-4113-9742-8d91cd28fc28,2023-10-13 19:08:13,VOICE,59171234567,+59175341679,1156,CB2122,-17.381461,-66.098772
5704459a-9ea5-4216-8bea-f2813fadbeb5,2023-10-14 08:39:55,SMS,59171234567,+59167719784,0,CB2106,-17.403034,-66.042194
fde8a0a6-f0ba-44ed-8fba-9e3a697ea667,2023-10-06 01:23:26,VOICE,59171234567,+59165712564,1021,CB2136-B1,-17.410306,-66.037306
9946e3ba-6940-4e52-81b0-0a9d7404a7a7,2023-10-15 19:53:56,VOICE,59171234567,+59175341679,1754,CB2062,-17.395316,-66.113431
f578c494-5375-4cf1-8ae8-2b131f1a643e,2023-10-16 15:45:18,DATA,59171234567,DATA_SERVICE,700,CB2127,-17.391,-66.098944
07bae05c-3d02-4ab1-b9fa-3b97d15c32ca,2023-10-09 08:19:33,VOICE,59171234567,+59165376526,1372,CB2122,-17.381461,-66.098772
4b34d074-8276-4e4b-8c84-67bc57eecfdc,2023-10-07 17:34:09,SMS,59171234567,+59166785133,0,CB2106,-17.403034,-66.042194
e547604d-a1dc-4311-8c01-83f1e5958135,2023-10-12 15:28:45,VOICE,59171234567,+59173835522,348,CB2412,-17.384972,-66.117222
d138778a-dbbd-4790-87f5-fb5d78bd61b5,2023-10-10 01:55:44,VOICE,59171234567,+59179526474,409,CB2006,-17.403034,-66.042194
0da06269-2f1b-49e2-ab48-0ba567fbad43,2023-10-08 13:56:31,SMS,59171234567,+59172425458,0,CB2242,-17.381778,-66.110306
c3104211-4514-4ed1-817c-8a2c0ea00759,2023-10-24 02:07:42,DATA,59171234567,DATA_SERVICE,1302,CB2231,-17.385719,-66.066556
c983660c-9d34-4604-9a8d-e29808e69424,2023-10-16 02:49:32,SMS,59171234567,+59169341706,0,CB2004,-17.373621,-66.122951
ea42b320-e5df-4a3e-a176-17f630152168,2023-10-26 03:35:51,VOICE,59171234567,+59175341679,27,CB2122,-17.381461,-66.098772
acfcb6ba-2a2b-476a-bfd3-883efc127ee7,2023-10-27 14:19:39,VOICE,59171234567,+59168567970,1370,CB2106,-17.403034,-66.042194
f52f1dbd-c0a2-41b4-823a-845be2706298,2023-10-26 06:49:00,SMS,59171234567,+59179526474,0,CB2004,-17.373621,-66.122951
97d64d3a-f5b1-4f4c-99a3-fb94834015f9,2023-10-20 00:45:36,VOICE,59171234567,+59179526474,1431,CB2127,-17.391,-66.098944
0d8728b0-9cc6-48bb-bd4e-083fb4b9f76e,2023-10-08 11:42:00,VOICE,59171234567,+59166371086,582,CB2136-B1,-17.410306,-66.037306
6ff8c0b4-2282-46ce-9c99-35d5a6b942d9,2023-10-04 20:02:21,VOICE,59171234567,+59173334058,1249,CB2134,-17.406583,-66.075583
cbc3fc69-7907-4f1f-a98a-e0670e593da1,2023-10-23 07:10:29,VOICE,59171234567,+59179526474,571,CB2106,-17.403034,-66.042194
8c09f064-9389-42f0-b137-5e29dd1d81a2,2023-10-29 02:31:04,VOICE,59171234567,+59165186285,275,CB2127,-17.391,-66.098944
4b5fd227-b097-4518-b64a-f5bdaa88fb01,2023-10-22 05:35:01,VOICE,59171234567,+59165098160,344,CS2259,-17.401944,-66.0375
705ad4ec-5236-49b0-8201-9f515e1cbedb,2023-10-31 16:44:22,SMS,59171234567,+59179466595,0,CS2259,-17.401944,-66.0375
4680ebf9-f5ea-4b8c-8eb3-a0f80c0993bb,2023-10-25 23:40:09,SMS,59171234567,+59168918347,0,CB2242,-17.381778,-66.110306
624ef574-8da6-46c6-a028-e5205d83dfe5,2023-10-10 18:30:42,VOICE,59171234567,+59163600670,240,CB2412,-17.384972,-66.117222
90415282-eeb7-49ff-876c-e1e9a53a4697,2023-10-27 14:53:47,VOICE,59171234567,+59168567970,1690,CB2178,-17.398361,-66.035833
196c711a-e272-408b-b3eb-dc52577e5577,2023-10-18 21:14:20,VOICE,59171234567,+59167719784,1482,CS2259,-17.401944,-66.0375
a99ddfa6-e007-4e8e-b525-f533dcbf4ad7,2023-10-16 16:58:08,VOICE,59171234567,+59168567970,1376,CB2134,-17.406583,-66.075583
1dd28ab5-4a51-4431-a940-8d45cc57654b,2023-10-25 23:07:16,VOICE,59171234567,+59175095372,921,CB2178,-17.398361,-66.035833
48a6c7b3-3be4-408b-bb52-c80ce76ecb8a,2023-10-02 18:06:11,VOICE,59171234567,+59177031878,1796,CB2231,-17.385719,-66.066556
ddb883a7-ca4a-4485-92d2-3b98aade5340,2023-10-07 23:37:43,VOICE,59171234567,+59165712564,10,CS2259,-17.401944,-66.0375
79b02458-6904-4a1a-8472-f71191829109,2023-10-04 00:18:42,VOICE,59171234567,+59179989751,516,CB2191,-17.378722,-66.073139
70c538fb-48f8-43cc-bfb1-eef5a163a465,2023-10-05 04:23:51,SMS,59171234567,+59177462620,0,CB2242,-17.381778,-66.110306
7a4408dd-1280-418e-9f5a-57c2dbd3c9b0,2023-10-17 06:38:06,SMS,59171234567,+59167923302,0,CB2232,-17.394623,-66.073697
